Producto,Precio
,
,
Monitor LCD Acer B 226 HQL. Full HD 1920√ó1080.,COP $139 530.56
"Monitor port√°til 15,6"""" FHD 1080P pantalla IPS ultra delgada con cubierta inteligente y altavoz",COP $310 794.09
"Monitor peque√±o de 10,1 pulgadas, monitor Raspberry Pi",COP $133 216.50
Monitor de computadora SANSUI 24 pulgadas ES-G24X5 165HZ IPS,COP $310 794.09
"ANUNCIO NUEVOMonitor LED pantalla ancha curva Samsung LC27F391FHNXZA 27""",COP $266 388.59
"Monitor LED pantalla ancha curva Samsung LC27F391FHNXZA 27""",COP $266 388.59
Monitor LCD IPS LG 29UB67-B 2560x1080 21:9 5ms DVI DP HDMI ‚Ä¢ Sin soporte,COP $253 066.94
"Monitor curvo para juegos Viotek 29"" LED Ultrawide 2560x1080p 120Hz 4ms 2 x HDMI, DP",COP $577 227.09
SANSUI 24 pulgadas 100 Hz Ultra Delgado PC Monitor ES-24F2 HDMI Cable Incluido,COP $266 388.59
"Monitor para juegos Dell S2421NX 23,8"" IPS LED",COP $261 459.58
Computadora de escritorio HP 24 pulgadas 1920x1080 FHD LED Monitor PC LCD (Grado B),COP $236 548.10
"Monitor LED Curvo para Juegos Viotek 34"" 144Hz 4ms 3440 X 1440 UWQHD 2X HDMI, DP",COP $754 849.09
"""Monitor para juegos LG UltraGear 27"""" 2560 x 1440 p√≠xeles, IPS, HDR - nuevo en caja""",COP $754 671.47
"SAMSUNG 32"" Monitor U32J590UQU 4K Ultra HD 3840 x 2160p - Not Working",COP $275 327.87
"Monitor curvo LED ultra delgado Samsung 27"" HDMI (LC27F390FHN) ‚Ñ¢",COP $475 094.44
Monitor SANSUI 27 pulgadas 1080p 75Hz USB tipo C monitor de computadora HDMI VGA altavoz,COP $332 996.84
"Monitor para juegos UPERFECT 120Hz 16"" 2K PC Monitor 2560x1600 Monitor port√°til 16:10",COP $266 388.59
"Monitor de computadora de escritorio Onn 22"" pulgadas Full HD HDMI VGA 60hz actualizaci√≥n 6.5ms 1080p",COP $122 870.02
"Monitor Dual HP DELL LG 19"" 22"" 23"" 24"" Pulgadas FHD LCD Pantalla Ancha Monitor con Cable",COP $159 815.39 a COP $576 738.63
ANUNCIO NUEVOMonitor ASUS PA27UCX Pro Art - CAJA ABIERTA Estado,COP $4 440 550.00
"Monitor para juegos HDMI de 24"" Asus V247Ha sin parpadeo 1080p altavoz ancho sin soporte",COP $225 044.09
"Monitor de escritorio PC LCD de 19"" pulgadas (grado B) - Lote(s) disponible",COP $126 910.92
"Monitor Viotek 27‚Äù Gaming 144hz 2560x1440p con Soporte Ajustable, 1ms, 1x DP, 2x H",COP $532 777.19
"Monitor para juegos MSI G274QPF-QD 27"" QHD IPS LED - negro met√°lico",COP $395 208.95
"BARATO MONITOR DE COMPUTADORA PC 19"" 20"" 24"" PANTALLA PLANA VGA GRANDES MARCAS CABLES",COP $112 493.91 a COP $253 181.63
"Configuraci√≥n de pantalla de monitor dual 46"" 2x23"" 1920x1080 NEC E231W DVI DP nuevo soporte doble",COP $506 419.54
"Usado | UPERFECT 18.5"" 100Hz Monitor Port√°til Monitor Laptop USB C Pantalla para Juegos",COP $310 794.09
"Monitor para juegos IPS plano r√°pido MSI G274QPF 27"" WQHD, 170Hz/1ms HDR400",COP $621 632.59
"Monitor para juegos LG 27"""" UltraGear FHD 1 ms 165Hz con sincronizaci√≥n gratuita/modo de juego 27GQ40W-B",COP $376 114.58
"SAMSUNG monitor touch screen 22""",COP $466 657.40
"HP EliteDisplay E222 | PANTALLA LED PC MONITOR | 1920x1080 FHD | 21,5"" pulgadas",COP $233 095.37
Monitor Port√°til USB C HDMI Pantalla IPS Ultra Delgada 10.5'' 1920x1280 PC Xbox PS4,COP $239 612.08
"Monitor para juegos ONN 100027813 24"" 180 Hz FHD - negro",COP $222 027.50
"Monitor Port√°til 15.6"" Corprit 1080P Pantalla FHD IPS, USB-C y HDMI-Compatible",COP $337 594.27
"Monitor de computadora PC TFT barato 19"""" 22"""" 24"""" VGA 22"""" pantalla plana marcas principales CLIENTES POTENCIALES",COP $100 619.86 a COP $331 347.73
"Monitor LED Viotek 22"" GFV22CB, 1080P 5ms, 144Hz, FreeSync compatible con G-Sync",COP $332 996.84
"Monitor Dell U2718Q 27"" 3840 x 2160 4K HDMI DP IPS LED justo sin soporte",COP $432 909.22
"Monitor de pantalla port√°til IPS HDR para juegos 1080P de 15,6 pulgadas con HDMI USB-C usado",COP $166 476.22
"Monitor Port√°til Bater√≠a PERFECTO 120Hz Pantalla T√°ctil, Actualizado 15.6 Pulgadas IPS",COP $266 433.00
Monitor de computadora Samsung S33A serie 22 pulgadas FHD 1080p panel HDMI VA,COP $221 805.47
Paquete de monitor HD Viewsonic de doble pantalla 2x22‚Ä≤‚Ä≤ - (1920 x 1080) - 2xHDMI,COP $434 274.87
ANUNCIO NUEVOMonitor LCD Hanns.G,COP $57 682.74
Paquete Multi Monitor Triple Pantalla 66‚Ä≤‚Ä≤ 3√ó22‚Ä≤‚Ä≤ Oficina de Juegos Comerciales ¬°¬°OFERTA!!!,COP $618 969.72
"Monitor de dise√±o delgado ONN 22"" 1920x1080 FULL HD LED - HDMI/VGA 60hz 14ms",COP $108 749.07
"Monitor LED Viotek 24"" GFV24CB 120Hz (DP 165hz) 1080p 4ms 2x HDMI y DP",COP $355 199.59
Monitor LCD de 17 pulgadas de marca para computadora de escritorio PC (Grado A) - Lote(s) disponible(s),COP $156 840.23
"Monitor curvo para juegos VIOTEK 32"" 165Hz 2560x1440p QHD 120% sRGB G-SYNC FreeSync",COP $750 408.54
"Monitor para juegos curvo MSI G32C4XS 31,5"" FHD, 250Hz/1ms 3000:1 listo para HDR",COP $666 038.09
"Monitor Samsung C34H890WJU 34"" 3440x1440 p√≠xeles Quad HD LED HDMI DP - Sin soporte",COP $956 676.53
Monitor HD de 24 pulgadas Samsung LS24D330HSX/ES Full HD VGA HDMI LED Monitor para juegos,COP $382 614.34
"Monitor Gaming Viotek 27"" 4K 144Hz con Capucha 1ms, DP, HDMI GFI27QXA",COP $967 995.49
"Monitor port√°til UPERFECT 2K 144HZ, 16,0"""" QHD IPS 2560*1440 USB C HDMI",COP $319 675.19
"Monitor Port√°til 16.0"" Pantalla 400 cd/m¬≤ Pantalla USB C HDMI 2560*1600 QHD Usado AA",COP $279 710.24
"Monitor port√°til de 18,5"" 1920*1080 100 Hz monitor de juegos USB C 100% sRGB VESA usado",COP $279 710.24
"Monitor LCD cuadrado Dell 2001FP retro para juegos 20"" 4:3 VGA S-Video con panel IPS",COP $221 983.09
"Monitor LG 29UM68-P 29"" FHD 21:9 UltraWide IPS LED 2560 x 1080 Grado B 639879",COP $393 925.63
Monitor Externo Port√°til 15.6 USB-C HDMI Gaming IPS Pantalla Altavoces B,COP $203 732.43
Monitor LG Ultrafine 27MD5KA - 5k 27 pulgadas IPS LED,COP $4 333 181.94
Monitor LED Dell UltraSharp U2518D 2560 x 1440 DP HDMI DP IPS sin soporte,COP $183 128.28
Monitor LCD 34 pulgadas 144hz 165 HZ 4K pantalla de computadora Rgb Lig,COP $1 532 433.80 a COP $2 082 617.95
,
,
Monitor LCD 34 pulgadas 144hz 165 HZ 4K pantalla de computadora Rgb Lig,COP $1 532 433.80 a COP $2 082 617.95
"ANUNCIO NUEVOMonitor curvo Dell S3422DW - Pantalla WQHD 34 pulgadas (3440 x 1440), 1800R (LEER)",COP $1 065 732.00
"G-STORY Monitor Gaming 12.5 Pulgadas, para Xbox Series S FHD 1080P Monitor Port√°til",COP $928 648.23
"Monitor port√°til ASUS ZenScreen MB16AC 15,6"" FullHD 1920x1080 USB-C LCD IPS",COP $976 921.00
"BenQ GL2250-T 21.5"" Pantalla Ancha LED LCD Monitor HDMI Full HD 1920x1080",COP $135 330.65
"Monitor Gaming Viotek 27"" 4K 144Hz con Capucha 1ms, DP, HDMI GFI27QXA",COP $967 995.49
Monitor Dell 27 - SE2725H,COP $399 605.09
"Monitor port√°til usado 16"" 2K 2560*1600 QHD 120Hz con segunda pantalla para el cuidado de los ojos VESA",COP $399 605.09
"Monitor de computadora PC TFT barato 19"""" 20"""" 22"""" 24"""" pantalla HDMI DP VGA",COP $196 906.54 a COP $281 319.18
Monitor HD de 24 pulgadas Samsung LS24D330HSX/ES Full HD VGA HDMI LED Monitor para juegos,COP $382 614.34
"BenQ GL2250-T 21.5"" Pantalla Ancha LED LCD Monitor Full HD 1920x1080",COP $88 664.91
"Monitor de computadora Dell P2412Hb 24"" LED Full HD 1080p DVI VGA con soporte",COP $213 101.99
"Monitor Amazon Basics 27 pulgadas, FHD 1080P, 100Hz, VESA, altavoces integrados, USB",COP $244 185.84
"Monitor Port√°til Triple 11.6"" 1080P FHD IPS 60Hz Pantalla Panel Desmontable",COP $577 227.09
Monitor Gaming Xiaomi 27in 165Hz 1ms 1920*1080 Fast IPS HDR10 FreeSync,COP $577 227.09
"Monitor port√°til ARZOPA de 17,3"" HD segunda pantalla IPS 1920*1080 pantalla tipo C",COP $844 070.08
"Configuraci√≥n de juegos de pantalla doble barato con pantalla de monitor 2 x 22"" 1920x1080 HD con doble soporte DVI HDMI",COP $618 969.72
"Monitor para juegos Samsung 24"" Full HD VGA HDMI LED LS24D330HSX/EN - negro",COP $393 869.36
"Monitor de marco abierto con pantalla t√°ctil ELO ET2243L 22"" USB DVI VGA + Fuente de alimentaci√≥n",COP $393 925.63
"Monitor para juegos MSI MAG 271QPX QD-OLED 27"" WQHD, 360 Hz/0,03 ms HDR 400",COP $2 664 285.59
Monitor LCD con pantalla ancha Apple Thunderbolt 2650 x 1440 A1407 2432,COP $1 371 930.42
"Monitor port√°til para juegos UPERFECT 2K 144Hz 16.0"" 2560*1600 monitor port√°til usado",COP $319 675.19
"Paquete de configuraci√≥n de pantalla de monitor doble 2x22"" Dell P2219H HDMI sin marco + soporte grado B",COP $647 107.26
Monitor de pantalla ancha de 24 pulgadas Dell HP LED retroiluminado IPS PC CCTV HD Monitor VGA DVI,COP $241 926.61
"Monitor Port√°til AOC I1601FWUX 15.6"" FHD USB-C LCD",COP $159 770.99
"Monitor Dual Nec 1680x1050 2 x 22"" + Nuevo Soporte Pantalla Hogar Oficina Monitor Paquete",COP $450 144.45
"Monitor gaming Asus OLED XG27AQDMG - Panel WOLED brillante 27 pulgadas 1440p, 240 Hz, 0.",COP $2 442 258.09
"Paquete de Monitor PC DOBLE HP 48"" 2 x 24"" 1920 x 1200 DVI VGA DP + Nuevo Soporte Doble",COP $562 638.35
"Monitor secundario IPS TYPE-C de 3,5‚Äù para CPU GPU RAM HDD | Pantalla USB | AIDA64",COP $143 863.03
"Monitor ASUS BE24ECQK 23.8"" FHD IPS LED",COP $244 230.25
"Monitor curvo para juegos CRUA 32 pulgadas, FHD (1920x1080P) 1K 144HZ 165HZ 180HZ 1500R",COP $1 119 931.09
"Monitor port√°til XGODY 18,5 pulgadas Monitores port√°tiles 120Hz FHD 1920*1080 HDR IPS",COP $482 943.74 a COP $676 606.56
"DUAL PAR DOS DELL 22"" A Juego LCD LED FULL HD Monitores Cable para Juegos 2 Grado A",COP $292 543.43
"üî• Monitor Port√°til Lepow C2 15.6"" FHD con Soporte USB-C HDMI Mini DP Grado B",COP $203 732.43
Monitor curvo para juegos ASUS,COP $242 661.85
"Monitor LED pantalla ancha curva Samsung LC27F391FHNXZA 27""",COP $266 388.59
"Monitor para juegos Dell S2421NX 23,8"" IPS LED",COP $266 388.59
"Monitor para juegos Dell S2421NX 23,8"" IPS LED",COP $266 388.59
SIBOLAN Pantalla Doble 18 Pulgadas 1080P Pantalla Port√°til,COP $612 795.90 a COP $2 214 724.31
Monitor LED Samsung UE590 28 pulgadas 4K pantalla ancha con altavoces incorporados,COP $377 446.75
"Monitor para juegos Dell S2421NX 23,8"" IPS LED",COP $266 388.59
"Monitor para juegos Dell S2421NX 23,8"" IPS LED",COP $266 388.59
"Monitor para juegos Dell S2421NX 23,8"" IPS LED",COP $261 459.58
"Monitor para juegos Dell S2421NX 23,8"" IPS LED",COP $261 459.58
"Monitor para juegos Dell S2421NX 23,8"" IPS LED",COP $266 388.59
"Monitor para juegos Dell S2421NX 23,8"" IPS LED",COP $266 388.59
"Monitor para juegos Dell S2421NX 23,8"" IPS LED",COP $266 388.59
"Monitor para juegos Dell S2421NX 23,8"" IPS LED",COP $266 388.59
"Monitor para juegos Dell S2421NX 23,8"" IPS LED",COP $261 459.58
"Monitor para juegos Dell S2421NX 23,8"" IPS LED",COP $261 459.58
"Monitor para juegos Dell S2421NX 23,8"" IPS LED",COP $261 459.58
"Monitor para juegos Dell S2421NX 23,8"" IPS LED",COP $261 459.58
"Monitor para juegos Dell S2421NX 23,8"" IPS LED",COP $261 459.58
"Monitor para juegos Dell S2421NX 23,8"" IPS LED",COP $261 459.58
"Monitor para juegos Dell S2421NX 23,8"" IPS LED",COP $261 459.58
"Monitor para juegos Dell S2421NX 23,8"" IPS LED",COP $261 459.58
"Monitor para juegos Dell S2421NX 23,8"" IPS LED",COP $261 459.58
"Monitor para juegos Dell S2421NX 23,8"" IPS LED",COP $261 459.58
"""Monitor Dell de pantalla plana de 19""""""",COP $133 216.50
"Monitor LCD Dell E1713S 17"", 1280 x 1024 p√≠xeles, VGA",COP $163 234.62
,
,
Monitor de PC de escritorio HP Series 5 527sw 27 pulgadas Full HD IPS 100 Hz HDMI antirreflejo,COP $355 199.59
"Monitor de pantalla ancha Dell P2419H 24"" ultrafino 1920x1080 LED retroiluminado IPS - grado B",COP $444 010.59
"HP Compaq LA2306x | Pantalla LCD PC MONITOR | FHD 1920x1080 | 23"" pulgadas | 60 Hz",COP $233 095.37 a COP $279 761.11
"Monitor LG 24GQ40W-B 24"" Full HD (1920x1080) 2 ms IPS FreeSync, 165Hz, 1ms",COP $384 684.85
"Monitor para juegos Dell S2421NX 23,8"" IPS LED",COP $266 388.59
"Monitor para juegos Dell S2421NX 23,8"" IPS LED",COP $261 459.58
"Monitor para juegos Dell S2421NX 23,8"" IPS LED",COP $261 459.58
"Monitor para juegos Dell S2421NX 23,8"" IPS LED",COP $261 459.58
"Monitor para juegos Dell S2421NX 23,8"" IPS LED",COP $261 459.58
"Monitor para juegos Dell S2421NX 23,8"" IPS LED",COP $261 459.58
"Monitor para juegos Dell S2421NX 23,8"" IPS LED",COP $261 459.58
"Monitor para juegos Dell S2421NX 23,8"" IPS LED",COP $261 459.58
"Extensor de monitor port√°til Plug & Play 1080P FHD de 14"""" para port√°tiles de 13-17""""",COP $981 317.14
"HP Compaq LA2306x | PANTALLA LCD MONITOR PC | FHD 1920x1080 | 23"" pulgadas | 60",COP $279 761.11 a COP $326 426.85
"Nuevo MONITOR T√ÅCTIL USB DOLBY VOICE Mimo UM-1080C Pantalla con SOPORTE, Sellado de F√°brica",COP $266 433.00
"Monitor para juegos Dell 24"" SE2417HGX LED retroiluminado HD 1920x1080 AMD Radeon FreeSync",COP $843 615.69
"Monitor para juegos Dell S2421NX 23,8"" IPS LED",COP $261 459.58
"Monitor para juegos Dell S2421NX 23,8"" IPS LED",COP $261 459.58
"Monitor para juegos Dell S2421NX 23,8"" IPS LED",COP $261 459.58
"Monitor para juegos Dell S2421NX 23,8"" IPS LED",COP $261 459.58
"Monitor para juegos Dell S2421NX 23,8"" IPS LED",COP $261 459.58
"Monitor para juegos Dell S2421NX 23,8"" IPS LED",COP $261 459.58
"Monitor para juegos Dell S2421NX 23,8"" IPS LED",COP $261 459.58
"Monitor para juegos Dell S2421NX 23,8"" IPS LED",COP $261 459.58
"Monitor para juegos Dell S2421NX 23,8"" IPS LED",COP $261 459.58
"Monitor para juegos Dell S2421NX 23,8"" IPS LED",COP $261 459.58
"Monitor para juegos Dell S2421NX 23,8"" IPS LED",COP $261 459.58
"Monitor para juegos Dell S2421NX 23,8"" IPS LED",COP $261 459.58
"Monitor LED HDMI HP EliteDisplay E232 23"" pantalla ancha 1920x1080 grado A + cables",COP $332 996.84
"Monitor de computadora Packard Bell 21 pulgadas 1920 x 1080, montable en VESA, oficina/hogar",COP $266 388.59
"Monitor Sceptre E205W-1600 20"" 75Hz Pantalla ancha LCD LED",COP $332 996.84
"Monitor LCD Usato PC da 17"" 19"" 22"" 23"" 24"" Professionale Garantito",COP $228 662.13 a COP $275 327.87
"Monitor para juegos Dell S2421NX 23,8"" IPS LED",COP $261 459.58
"Monitor para juegos Dell S2421NX 23,8"" IPS LED",COP $261 459.58
"Monitor para juegos Dell S2421NX 23,8"" IPS LED",COP $261 459.58
"Monitor para juegos Dell S2421NX 23,8"" IPS LED",COP $261 459.58
"Monitor para juegos Dell S2421NX 23,8"" IPS LED",COP $261 459.58
"Monitor para juegos Dell S2421NX 23,8"" IPS LED",COP $261 459.58
"Monitor HP EliteDisplay E243 24"" pantalla ancha HDMI LED 1920 x 1080 grado A + cables",COP $355 199.59
"Monitor IPS ultrafino 23,8‚Äù Full HD (1920 X 1080), 75 Hz, 1 Ms VRB, SA241Y Bi, V",COP $381 665.27
"Monitor para juegos Dell S2421NX 23,8"" IPS LED",COP $261 459.58
"Monitor para juegos Dell S2421NX 23,8"" IPS LED",COP $261 459.58
"Monitor para juegos Dell S2421NX 23,8"" IPS LED",COP $261 459.58
"Monitor para juegos Dell S2421NX 23,8"" IPS LED",COP $261 459.58
"Monitor para juegos Dell S2421NX 23,8"" IPS LED",COP $261 459.58
"Monitor para juegos Dell S2421NX 23,8"" IPS LED",COP $261 459.58
"Monitor para juegos Dell S2421NX 23,8"" IPS LED",COP $261 459.58
"Monitor para juegos Dell S2421NX 23,8"" IPS LED",COP $261 459.58
"Monitor para juegos Dell S2421NX 23,8"" IPS LED",COP $261 459.58
"Monitor para juegos Dell S2421NX 23,8"" IPS LED",COP $261 459.58
"Monitor para juegos Dell S2421NX 23,8"" IPS LED",COP $261 459.58
"Monitor para juegos Dell S2421NX 23,8"" IPS LED",COP $261 459.58
"Monitor para juegos Dell S2421NX 23,8"" IPS LED",COP $261 459.58
"Monitor para juegos Dell S2421NX 23,8"" IPS LED",COP $261 459.58
"Monitor para juegos Dell S2421NX 23,8"" IPS LED",COP $261 459.58
"Monitor para juegos Dell S2421NX 23,8"" IPS LED",COP $261 459.58
"Monitor para juegos Dell S2421NX 23,8"" IPS LED",COP $261 459.58
"Monitor para juegos Dell S2421NX 23,8"" IPS LED",COP $261 459.58
"Monitor Port√°til 4K 15.6 HDMI, FreeSync, UHD para PS4, PS5, Xbox X/S, NS Vesa",COP $777 096.25
"Monitor para juegos NEC MultiSync 90GX¬≤ 19"" LCD vintage 4 ms respuesta r√°pida 1280x1024",COP $643 391.29
,
,
"Extensor de monitor doble para computadora port√°til Kwumsy - 14 pulgadas - 1080p IPS, tipo C",COP $444 010.59
"Monitor Port√°til 4K 15.6 HDMI, FreeSync, UHD para PS4, PS5, Xbox X/S, NS Vesa",COP $777 096.25
Monitor de pantalla plana HP 21.5 sin cable de alimentaci√≥n incluido,COP $133 216.50
"ANUNCIO NUEVO*MISS CABLES*ARZOPA Monitor Port√°til, 15.6'' 1080P FHD Monitor Port√°til USB C HDMI",COP $177 577.59
"Monitor para juegos Dell S2421NX 23,8"" IPS LED",COP $261 459.58
"Monitor para juegos Dell S2421NX 23,8"" IPS LED",COP $261 459.58
"Monitor para juegos Dell S2421NX 23,8"" IPS LED",COP $261 459.58
"Monitor para juegos Dell S2421NX 23,8"" IPS LED",COP $261 459.58
"Monitor para juegos Dell S2421NX 23,8"" IPS LED",COP $261 459.58
"Monitor para juegos Dell S2421NX 23,8"" IPS LED",COP $261 459.58
"Monitor para juegos Dell S2421NX 23,8"" IPS LED",COP $261 459.58
"Monitor para juegos Dell S2421NX 23,8"" IPS LED",COP $261 459.58
"Monitor LG 27GP83-B 27"""" UltraGear QHD Nano IPS 1 ms 165 Hz HDR con G-SYNC...",COP $799 299.00
"Lenovo L24e-30 23,8"" 75Hz Full HD LED Monitor",COP $419 991.66
"Monitor LCD IPS de 24"""" HP E24u G4",COP $666 038.09
"Monitor Dell S2718D Ultradelgado 27"" 60 Hz IPS HDMI USADO Y PROBADO Grado - B",COP $581 623.24
"Monitor para juegos Dell S2421NX 23,8"" IPS LED",COP $261 459.58
"Monitor para juegos Dell S2421NX 23,8"" IPS LED",COP $261 459.58
"Monitor para juegos Dell S2421NX 23,8"" IPS LED",COP $266 388.59
"Monitor para juegos Dell S2421NX 23,8"" IPS LED",COP $266 388.59
"Monitor para juegos Dell S2421NX 23,8"" IPS LED",COP $266 388.59
"Monitor para juegos Dell S2421NX 23,8"" IPS LED",COP $266 388.59
"Monitor para juegos Dell S2421NX 23,8"" IPS LED",COP $261 459.58
"Monitor para juegos Dell S2421NX 23,8"" IPS LED",COP $261 459.58
"Monitor para juegos Dell S2421NX 23,8"" IPS LED",COP $261 459.58
"Monitor para juegos Dell S2421NX 23,8"" IPS LED",COP $261 459.58
"Monitor para juegos Dell S2421NX 23,8"" IPS LED",COP $266 388.59
"Monitor para juegos Dell S2421NX 23,8"" IPS LED",COP $261 459.58
"Lilliput 9.7 ""UM-900 / T 1024x768 IPS pantalla HDMI, VGA USB Touchscreen Monitor",COP $1 105 696.95
"Monitor Dell UP2516D 25 pulgadas QHD con PremierColor, 99 % AdobeRGB, IPS Displa",COP $310 794.09
"""Monitor Dell de pantalla plana de 19""""""",COP $133 216.50
"HP Compaq LA2306x | PC MONITOR LCD ECRAN | FHD 1920x1080 | 23"" pouces | 60 Hz",COP $279 761.11 a COP $326 426.85
"Monitor para juegos Dell S2421NX 23,8"" IPS LED",COP $261 459.58
"Monitor para juegos Dell S2421NX 23,8"" IPS LED",COP $266 388.59
"Monitor para juegos Dell S2421NX 23,8"" IPS LED",COP $266 388.59
"Monitor para juegos Dell S2421NX 23,8"" IPS LED",COP $266 388.59
"Monitor para juegos Dell S2421NX 23,8"" IPS LED",COP $266 388.59
"Monitor para juegos Dell S2421NX 23,8"" IPS LED",COP $266 388.59
"Monitor para juegos NEC MultiSync 90GX¬≤ 19"" LCD vintage 4 ms respuesta r√°pida 1280x1024",COP $643 391.29
"Monitores dobles HP EliteDisplay E232 23"" pantalla ancha HDMI LED 1920 x 1080 (Grado A)",COP $754 849.09
"Monitor para juegos Dell S2421NX 23,8"" IPS LED",COP $266 388.59
"Monitor para juegos Dell S2421NX 23,8"" IPS LED",COP $266 388.59
"Monitor para juegos Dell S2421NX 23,8"" IPS LED",COP $266 388.59
"Monitor para juegos Dell S2421NX 23,8"" IPS LED",COP $266 388.59
"Monitor para juegos Dell S2421NX 23,8"" IPS LED",COP $266 388.59
"Monitor para juegos Dell S2421NX 23,8"" IPS LED",COP $266 388.59
"Monitor para juegos Dell S2421NX 23,8"" IPS LED",COP $266 388.59
"Monitor para juegos Dell S2421NX 23,8"" IPS LED",COP $266 388.59
"Monitor para juegos Dell S2421NX 23,8"" IPS LED",COP $266 388.59
"Monitor para juegos Dell S2421NX 23,8"" IPS LED",COP $266 388.59
"Monitor para juegos Dell S2421NX 23,8"" IPS LED",COP $266 388.59
"Monitor para juegos Dell S2421NX 23,8"" IPS LED",COP $266 388.59
"Monitor para juegos Dell S2421NX 23,8"" IPS LED",COP $266 388.59
"Monitor para juegos Dell S2421NX 23,8"" IPS LED",COP $266 388.59
"Monitor para juegos Dell S2421NX 23,8"" IPS LED",COP $266 388.59
"Monitor para juegos Dell S2421NX 23,8"" IPS LED",COP $266 388.59
"Monitor para juegos Dell S2421NX 23,8"" IPS LED",COP $266 388.59
"Monitor para juegos Dell S2421NX 23,8"" IPS LED",COP $266 388.59
"Monitor de videoconferencia Dell P2418HZ 24"" pantalla ancha 1920x1080 IPS LED grado A",COP $332 996.84
"Monitor Port√°til 2K 144Hz Pantalla para Juegos 17.3"" Monitor M√°s Grande HDMI USB C con VESA",COP $561 241.11
